Built,n,prop
3.5.0,8,0.08888888888888889
3.5.1,82,0.9111111111111111
